,Payer,Debit_CreditInd.,PercentofPayAmount
0,100030,0,100
1,100030,1,100
2,70000010,1,100
3,300767,1,100
4,100040,0,100
5,100059,0,100
6,301096,1,334590.3563
7,301097,1,96.99996383
8,301136,1,53823.37102
9,70000000,1,100
